{
  "checkpoint_version": "tabicl-classifier-v2-20260212.ckpt",
  "experiment": "tabicl_v2_est1_bs2048",
  "fit_seconds": 2008.2235012054443,
  "include_stock_id": false,
  "n_estimators": 1,
  "predict_batch_size": 2048,
  "predict_seconds": 2005.0816633701324,
  "prediction_stats": {
    "max": 0.5774953961372375,
    "mean": 0.4963263273239136,
    "min": 0.13599517941474915,
    "std": 0.033314354717731476
  },
  "rows_test": 53276,
  "rows_train": 440402,
  "submission": "submissions\\tabicl_v2_est1_bs2048.csv",
  "total_seconds": 2010.4684176445007
}